N1_identifier,N2_identifier
ACTIVATE,ACTVT
ActiveSafetySystemNote,ActiveSafetySysNote
ADAPT,ADPT
ADAPTIVE_EQUIPMENT_PRESENT,ADAPTEQUIP
AdaptiveCruiseControl,AdaptvCrsCntrl
AdaptiveDrivingBeam,AdaptvDrvngBm
AdaptiveDrivingBeamId,AdaptvDrvngBmID
AIRBAG,AIRBG
AirBagLocationCurtain,AirBagLocCurtain
AirBagLocationCurtainId,AirBagLocCurtainId
AirBagLocationFront,AirBagLocFront
AirBagLocationFrontId,AirBagLocFrontId
AirBagLocationKneeId,AirBagLocKneeId
AirBagLocationSeatCushionId,AirBagLocSeatCushionId
AirBagLocationSide,AirBagLocSide
ABBREVIATED_INJURY_SCALE,ABRV_INJ_SCL
ABBREVIATED_INJURY_SCALE_CODE,ABRV_INJ_SCL_COD
ALCOHOL_INVOLVEMENT,ALCHL_INVLVMT
ALCOHOL_TEST,ALCTEST
ALCOHOL_TEST_RESULT,ALCTESTRESULT
ALIGNMENT,ALIGNM
ALTERED_VEHICLE,ALTVEH
AntilockBrakeSystemId,AntLkBrakeSysID
CRASH_TO_EMS_ARRIVE_AT_MEDICAL_FACILITY_TIME,ARRMEDICAL
AutomaticCrashNotification,AutoCrshNotif
AutomaticCrashNotificationId,AutoCrshNotifID
AutoPedestrianAlertingSound,AutoPedAlertSound
AutoPedestrianAlertingSoundID,AutoPedAlertSoundID
AutoReverseSystem,AutoRevSyst
AutoReverseSystemId,AutoRevSyst_ID
AVOIDED,AVOID
AxleConfiguration,AxleConfig
AxleConfigurationId,AxleConfigID
AxlesCount,AxleCt
BACKLIGHT,BACKLGT
BACKPICKUP,BACKPKUP
BACKTRUNK,BACKTRNK
BackupCamera,BackupCam
BackupCameraID,BackUpCamerID
BAGDAMAGE,BgDmg
BAGDEPLOY,BgDepl
BAG_DELTA_V_BARRIER_EQUIVALENT_SPEED,BAG_DV_BAR_EQUIV_SD
BAG_DELTA_V_ENERGY,BAGDVENERGY
BAG_DELTA_V_ESTIMATE,BAGDVEST
BAG_DELTA_V_LATERAL,BAGDVLATERAL
BAG_DELTA_V_LONGITUDINAL,BAGDVLONGITUDINAL
BAG_DELTA_V_RANK,BAGDVRANK
BAG_DELTA_V_TOTAL,BAGDVTOTAL
BAGLOCATION,BagLoc
BAGMALFUNCTION,BagMalfn
BAG_NUMBER,BAGNO
BAGSTATUS,BagStat
BAGTYPE,BagTyp
BatteryAmps_from,BatteryA_from
BatteryKiloWattHours_from,BatteryKWh_from
BatteryKiloWattHours_to,BatteryKWh_to
BatteryModulesPerPack,BatteryModPrPack
BatteryPacksPerVehicle,BatteryPksPerVeh
BatteryType,BattTyp
BatteryTypeId,BattryTypeID
BatteryVoltage_to,BatteryV_to
BELT_ANCHOR_AVAILABILITY_INSPECTION,BELTAVAILINSP
BELTGUIDE,BLT_GUID
BELT_GUIDE_ROUTING_INSPECTION,BELTGUIDEINSP
BELT_LAPPOSITION,BELTLAPPOS
BELT_MALFUNCTION,BELTMALF
BELT_POSITIONING_DEVICE_PRESENT,BELT_POSNG_DEV_PRESNT
BELT_POSITIONING_DEVICE_PRESENCE_INSPECTION,BELTPOSDEVPRESINSP
BELT_POSITIONING_DEVICE_USED,BELT_POSNG_DEV_USD
BELT_PRETENSIONER_ACTUATION_INSPECTION,BELTPRETENSIONINSP
BELTROUT,BLT_ROUT
BELT_SHOULDER_POSITION,BELT_SHOULDR_POSN
BELT_USE_INSPECTION,BELTUSEINSP
SOURCE_BELT_USE,BELTUSESRC
BlindSpotIntervention,BlndSpotInterv
BlindSpotInterventionId,BlndSpotIntervntID
BlindSpotWarning,BlndSpotWarnng
BlindSpotWarningId,BlndSpotWarningID
BODY_MASS_INDEX,BOD_MSS_IX
BODY_CATEGORY,BODYCAT
BodyClass,BodClss
BodyClassId,BodClssID
BODYTYPE,BdyTyp
BrakeSystemDescription,BrakeSystemDesc
BrakeSystemType,Brake_Sys_Typ
BrakeSystemTypeId,Brake_Sys_Typ_ID
BODY_REGION_INJURED,BOD_RGN_INJ
BusFloorConfigurationType,BusFlrConfigTyp
BusFloorConfigurationTypeId,BusFlrCfgTypID
BusLengthFeetT,BusLengthFT
BusType,BusTyp
BusTypeId,BusTypID
CRUSH1_MEASUREMENT,CRS1_MEAS
CRUSH2_MEASUREMENT,CRS2_MEAS
CRUSH3_MEASUREMENT,CRS3_MEAS
CRUSH4_MEASUREMENT,CRS4_MEAS
CRUSH5_MEASUREMENT,CRS5_MEAS
CRASH_MAXIMUM_ABBREVIATED_INJURY_SCALE,CRSH_MAX_ABRV_INJ_SCL
CARDIOVASCULAR_CONDITION,CARDIOCOND
CARGO_WEIGHT_SOURCE,CARGOSRC
CARGO_WEIGHT,CARGOWT
CASEID,CS_ID
CASENO,CsNo
CASENUMBER,CaseNum
CASEWEIGHT,CASEWGT
CATEGORY,Ctgry
CAUSE1,CSE1
COLLISION_DEFORMATION_CLASSIFICATION,COLL_DEF_CLASS
COLLISION_DEFORMATION_CLASSIFICATION,COLL_DEF_CLASS
COLLISION_DEFORMATION_CLASSIFICATION_DISTRIBUTION,CDCDISTRIB
COLLISION_DEFORMATION_CLASSIFICATION_EVENT,CDCEVENT
COLLISION_DEFORMATION_CLASSIFICATION_EXTENT,CDCEXTENT
COLLISION_DEFORMATION_CLASSIFICATION_FOR_DEPLOYMENT_IMPACT,CDCFORDEPLOY
COLLISION_DEFORMATION_CLASSIFICATION_LONGITUDE_LATITUDE,CDCLONGITD_LATITD
COLLISION_DEFORMATION_CLASSIFICATION_LANE,CDCPLANE
COLLISION_DEFORMATION_CLASSIFICATION_VERTICAL_LATERAL_LOCATION,CDCVERTICAL_LATRL
COLLISION_DATA_REPORT_VERSION_COLLECTED,COLL_DTA_RPT_CER_COLL
CELL_DAMAGE,CELLDAM
ChargerLevel,ChrgLvl
ChargerLevelId,ChrgLvlID
ChargerPowerKiloWatts,ChargerPowerKW
CHILDSEAT_MAKE,CHILDMAKE
CHILDSEAT_MANUFACTURER,CHILDMANUF
CHILDSEAT_MODELNO,CHILDMODELNO
CHILDPOSITION,CHLD_POS
CHILDSEAT,CHLDST
CHILDSEATNO,CHLDSTNO
CHILDSEATUSE,CHLDSTUSE
CHILDSEAT_TYPE,CHILDSEATYPE
CRASH_INJURED,CINJURED
CRASH_MAXIMUM_INJURY_SEVERITY_SCALE,CRSH_MAX_INJ_SEV_SCL
1ST_VEHICLE_CLASS,CLASS1
2ND_VEHICLE_CLASS,CLASS2
CRUSH_MAXIMUM_LOCATION,CRSH_MAXLOCATION
COMORBIDITY_OTHER,COMORBOTH
CONTACT_REFERENCE,CONTACT
CONTACTED_AREA,CONTAREA
CONTACTED_COMPONENT,CONTCOMP
CRASH_CATEGORY,CRASHCAT
CRASH_TYPE_CONFIGURATION,CRASHCONF
CrashImminentBraking,Crmnt_Imntnt_Brakng
CRASHTIME,CRSHTM
CRASHYEAR,CRSHYR
CRITICAL_EVENT_CATEGORY,CRIT_EVNT_CAT
CRITICAL_EVENT_CATEGORY,CRITEVENT
CRASH_TREATMENT,CTREAT
CURB_WEIGHT_SOURCE,CURBSRC
CurbWeightPounds,CurbWeightLB
CURB_WEIGHT,CURBWT
CustomMotorcycleType,CustMtrcycleTyp
DAMAGE_LEFT_FRONT,DAMAGELF
DAMAGE_LEFT_REAR,DAMAGELR
DAMAGE_RIGHT_FRONT,DAMAGERF
DAMAGE_RIGHT_REAR,DAMAGERR
DAMAGE_TAILGATEHATCH,DAMAGETG
DAMAGE_TO_APILLAR,DAMG_APILLAR
DAMAGE_TO_BPILLAR,DAMG_BPILLAR
DAMAGE_TO_CPILLAR,DAMG_CPILLAR
DAMAGE_PLANE,DAMPLANE
DAMAGE_SEVERITY,DAMSEV
DATASOURCE,DTASRC
DAYOFWEEK,DY_OF_WK
DaytimeRunningLight,DayLtRtngLt
DaytimeRunningLightId,DayLtRunLgtID
DEATH,DTH
definition,Defntn
DEPLOYEVENT,DEPLOY_EVT
DestinationMarket,DestMarkt
DestinationMarketId,DestMarktId
diagram_id,diag_id
DIRECTLENGTH,DIRECT_LEN
DIRECTWIDTH,DIRECT_WID
DisplacementCubicCentimeters,DisplacementCC
DisplacementLiters,DisplacementL
DISTRACT,DISTRCT
DISTRACTION,DISTRACTN
DoorsCount,DrsCnt
DOOR_SILL_DIFFERENTIAL,DOORSILLDIFF
DRUG_INVOLVEMENT,DRG_INVLVMT
DriveType,Drvtyp
DriveTypeId,DriveTypeID
DRIVER_PRESENT,DRPRESENT
DRUGTEST,DRG_TST
DRIVE_WHEELS,DRVWHEELS
DELTAV_ANGLE_THIS_VEHICLE,DLTV_ANGL_THS_VEH
DELTAV_BASIS,DVBASIS
DELTAV_BARRIER_EQUIVALENT_SPEED,DLTV_BARR_EQV_SPD
DELTAV_CONFIDENCE_LEVEL,DVCONF
DELTAV_ESTIMATED,DLTV_EST
DELTA_V_ESTIMATE,DVESTIMATE
DELTAV_EVENT_NO,DVEVENT
DELTAV_LONGITUDINAL,DLTV_LONG
DELTAV_MOMENT,DVMOMENT
DELTA_V_RANK,DVRANK
DELTAV_SPEED,DVSPEED
DELTAV_TOTAL,DVTOTAL
DynamicBrakeSupport,DynamBrakeSup
DynamicBrakeSupportId,DynBrakeSupntID
ROAD_EDGE_DISTANCE_X,EDGEDISTX
ROAD_EDGE_DISTANCE_Y,EDGEDISTY
ROAD_EDGE_DISTANCE_Z,EDGEDISTZ
EVENT_DATA_RECORDER_COLLECT,EDRCOLLECT
EVENT_DATA_RECORDER_EVENT,EDREVENT
EVENT_DATA_RECORDER_OBTAINED,EDROBTAINED
EVENT_DATA_RECORDER_POSTCRASH,EDRPOSTCRASH
EVENT_DATA_RECORDER_SUMMARY,EDRSUMM
EVENT_DATA_RECORDER_SUMMARYNO,EDRSUMMNO
EJECTED,EJECT
EJECTION_AREA,EJECTAREA
EJECTION_MEDIUM,EJECTMED
EJECTION_MEDIUM_STATUS,EJECTMEDSTAT
EJECTION_NUMBER,EJECTNO
ElectronicStabilityControl,ElectElectStabContrl
ElectronicStabilityControlId,ElectronicStabCtlrID
EMERGENCY_MEDICAL_SERVICES_AGENCY,EMSAGENCY
EMERGENCY_MEDICAL_SERVICES_CARE_TYPE,EMSCARE
EMERGENCY_MEDICAL_SERVICES_CARE,EMSCARE
EMERGENCY_MEDICAL_SERVICES_DATA,EMSDATA
EMERGENCY_MEDICAL_SERVICES_DIASTOLIC,EMSDIASTOLIC
EMERGENCY_MEDICAL_SERVICES_GLASGOW_COMA_SCALE,EMSGLASGWCOMASCL
EMERGENCY_MEDICAL_SERVICES_GLASGOW_COMA_SCALE_EYE,EMSGLASGWCOMASCLEYE
EMERGENCY_MEDICAL_SERVICES_GLASGOW_COMA_SCALE_LOCATION,EMSGLASGWCOMASCLLOC
EMERGENCY_MEDICAL_SERVICES_GLASGOW_COMA_SCALE_MODE,EMSGLASGWCOMASCLMOD
EMERGENCY_MEDICAL_SERVICES_GLASGOW_COMA_SCALE_MOTOR,EMSGLASGWCOMASCLMOTOR
EMERGENCY_MEDICAL_SERVICES_GLASGOW_COMA_SCALE_TIME,EMSGLASGWCOMASCLTIME
EMERGENCY_MEDICAL_SERVICES_GLASGOW_COMA_SCALE_VERB,EMSGLASGWCOMASCLVERB
EMERGENCY_MEDICAL_SERVICES_TRANSPORT_MODE,EMSMODE
EMERGENCY_MEDICAL_SERVICES_NO,EMSNO
EMERGENCY_MEDICAL_SERVICES_PULSE,EMSPULSE
EMERGENCY_MEDICAL_SERVICES_RESPRATE,EMSRESPRATE
EMERGENCY_MEDICAL_SERVICES_SYSTOLIC,EMSSYSTOLIC
EMERGENCY_MEDICAL_SERVICES_UNITTYPE,EMSTYPE
ENGINE_CYLINDERS,ENGN_CYLNDR
ENGINE_DISPLACEMENT,ENGN_DISPLCMN
EngineBrakeHorsePower_to,EngineBrakeHP_to
EngineConfigurationId,EngConfigID
EngineCoolingType,EngCoolingTyp
EngineCoolingTypeId,EngCoolingTypID
EngineElectrificationLevel,EngElectLevel
EngineElectrificationLevelId,EngElectrificationLvlId
EngineManufacturer,EngManuf
EngineModel,EngModel
EnginePowerKiloWatts,EnginePowerKW
EngineStrokeCycles,EngStkCycls
EngineTurbo,EngTurb
EngineTurboId,EngTurbID
EngineValveTrainDesign,EngValvTrnDesign
EntertainmentSystem,EnterTnSys
ENTRAPPED,ENTRAP
ETHNICITY,ETHNCTY
ElectricVehicleDriveUnit,EVDriveUnit
EDREVENTNO,EDREVENTNO
EDRSUMMNO,EDRSUMMNO
TIME_FROM_EVENT_1_TO_2,EVENT1TO2_TM
EventDataRecorder,EvntDataRecrd
EventDataRecorderId,EvntDataRecrdD
EVENTDESCRIPTION,EVENTDESC
EVENT_NUMBER,EVENTNO
EVENTS,EVTS
EVIDENCE,EVIDNCE
EYEWEAR,EYEWR
FACTOR1,FACTR1
FACTOR2,FACTR2
FACTOR3,FACTR3
FACTOR4,FACTR4
FACTOR5,FACTR5
FETAL_MORTALITY,FETAL_MORTALTY
FIELDLENGTH,FIELDLEN
FILLCAP,FLLCP
FIRE,FIR
FIREORGIN,FR_ORG
ForwardCollisionWarning,FwdCollisWarning
ForwardCollisionWarningId,FwdCollisWarningID
FRONT_BUMPER,FRNTBUMP
FRONT_HOOD,FRNTHOOD
FRONT_PILLAR,FRNTPILL
FRONT_WINDSHIELD,FRNTWIND
FUELCELL,FUELCL
FUEL_CONDITION,FUELCOND
FuelDeliveryInjectionType,FuelDelivryInjctTyp
FuelDeliveryInjectionTypeId,FuelDelivryInjCTypeID
FUELEAK,FUEL_LK
FUEL_CELL_LOCATION,FUELLOC
FuelTypeSecondary,FuelTypSecon
FuelTypeSecondaryId,FuelTypSeconId
1ST_VEHICLE_GENERAL_AREA_OF_DAMAGE,GEN_AREA_DAM_1
GROSS_ACTUAL_WEIGHT_RATING_FRONT,GRS_ACTL_WT_RTNG_FRONT
GLASGOW_COMA_SCALE_OBTAINED,GLASG_COMA_SCL_OBTAINED
GLAZING_IMPACT_DAMAGE,GLAZIMP
GLAZING,Glzing
GLAZING_CONTACT,GLAZINGCONT
GLAZING_OCCUPANT_DAMAGE,GLAZOCC
GLAZING_TYPE,GLAZTYPE
GrossCombWeightRatingFrom,GrossCbnWtRtngFr
GrossCombWeightRatingFromId,GrossCbnWtRtngFrID
GrossCombWeightRatingTo,GrossCbnWtRtngTo
GrossCombWeightRatingToId,GrossCbnWtRtngToID
GrossVehicleWeightRatingFrom,GrossVehicleWtRtngFr
GrossVehicleWeightRatingFromId,Gross_Vehc_Wt_Rtng_fr_ID
GrossVehicleWeightRatingTo,Grv_Veh_Wt_Rtng_To
GrossVehicleWeightRatingToId,GrossVehicleWtRtngToID
GENERAL_VEHICLE,GEN_VEH
GROSS_VEHICLE_WEIGHT_RATING,GRS_VEH_WT_RTNG
HARNESSDESIGN,HARNS_DES
HARNESSUSE,HARNS_USE
HEADING_ANGLE_CATEGORY,HEADANGLECAT
IMPACT_HEADING_ANGGLE,HEADINGANG
HeadlampLightSource,HdlampLightSrc
HeadlampLightSourceID,HdlampLightSrcId
ACTIVE_HEADREST_RESTRAINT,HEADRESTACT
HEAD_RESTRAINT_DAMAGE,HEADRESTDAM
HEAD_RESTRAINT_TYPE,HEADRESTYPE
HEIGHT,HGT
HOSPITAL_DIASTOLIC,HOSPDIASTOLIC
HOSPITAL_GLASGOW_COMA_SCALE_,HOSPGLASG_COM_SCL
HOSPITAL_GLASGOW_COMA_SCALE_EYE,HOSPGLASG_COM_SCLEYE
HOSPITAL_GLASGOW_COMA_SCALE_LOC,HOSPGLASG_COM_SCLLOC
HOSPITAL_GLASGOW_COMA_SCALE_MOTOR,HOSPGLASG_COM_SCLMOTOR
HOSPITAL_GLASGOW_COMA_SCALE_VERB,HOSPGLASG_COM_SCLVERB
HOSPITAL_PULSE,HOSPPULSE
HOSPITAL_RESPRATE,HOSPRESPRATE
HOSPITAL_STAY,HOSPSTAY
HOSPITAL_SYSTOLIC,HOSPSYSTOLIC
HOSPITAL_VITALSRC,HOSPVITALSRC
HOWUSED,H_USD
FINAL_STAGE_BODY_CLASS,ICFINALBODY
INJURY_CAUSATION_SCENARIOS,INJ_CAUS_SCEN
INJURY_CAUSATION_SCENARIO_TYPE,ICS_TYPE
INJURY_CAUSATION_SCENARIO_NOTE,INJ_CAUS_SSCEN_NOTE
IGNITION_CYCCLE_DOWNLOAD,IGNTN_CYCL_DOWN
IMPAIRED_COAGULATION,IMPAIREDCOAG
IMPLANT_FUSION_HISTORY,IMPLANT_FUSN_HIST
INITIAL_TRAVEL_LANE,TRAV_LANE
INITIATING_OBJECT_CLASS,INITOBJCLASS
INJURY_LEVEL,INJLEVEL
INJURY_NUMBER,INJNO
INJURY_NUMBER,INJNUM
INJURY,INJUR
INPSECTION_TYPE,INSPTYPE
INTRUSION_COMPONENT,INTR_COMPNT
INTRUSION_DIRECTION,INTDIRECT
INTEGRITY,INTEGR
INTERIOR,INTER
INTRUSION_MAGNITUDE,INTR_MAGN
INTEGRATED_RESTRAINT,INTRESTRAINT
INTRUSION_NUMBER,INTR_NUM
INTRUSION,INTRSN
INJURY_PRODUCING_COMPONENT_2ND,INJ_PROD_COMP_2ND
INJURY_PRODUCING_COMPONENT_3RD,INJ_PROD_COMP_3RD
INJURY_PRODUCING_COMPONENT_1,INJ_PROD_COMP1
INJURY_PRODUCING_COMPONENT_1_ALTERNATE,INJ_PROD_COMP1_ALT
INJURY_PRODUCING_COMPONENT_2,INJ_PROD_COMP2
INJURY_PRODUCING_COMPONENT_2_ALTERNATE,INJ_PROD_COMP2_ALT
INJURY_PRODUCING_COMPONENT_3_ALTERNATE,INJ_PROD_COMP2_ALT
INJURY_PRODUCING_COMPONENT_AREA_2ND,IPCAREA_2ND
INJURY_PRODUCING_COMPONENT_AREA_3RD,IPCAREA_3RD
INJURY_PRODUCING_COMPONENT_AREA1,IPCAREA1
INJURY_PRODUCING_COMPONENT_AREA1_ALTERNATE,IPCAREA1_ALT
INJURY_PRODUCING_COMPONENT_AREA2,IPCAREA2
INJURY_PRODUCING_COMPONENT_AREA2_ALTERNATE,IPCAREA2_ALT
INJURY_PRODUCING_COMPONENT_AREA3,IPCAREA3
INJURY_PRODUCING_COMPONENT_AREA3_ALTERNATE,IPCAREA3_ALT
INJURY_PRODUCING_COMPONENT_CONFIDENCE_3RD,IPCCONF_3RD
INJURY_PRODUCING_COMPONENT_CONFIDENCE1,INJ_PROD_COMP_CONF1
INJURY_PRODUCING_COMPONENT_CONFIDENCE1_ALTERNATE,INJ_PROD_COMP_CONF1_ALT
INJURY_PRODUCING_COMPONENT_CONFIDENCE2,INJ_PROD_COMP_CONF2
INJURY_PRODUCING_COMPONENT_CONFIDENCE2_ALTERNATE,INJ_PROD_COMP_CONF1_ALT
INJURY_PRODUCING_COMPONENT_CONFIDENCE3,INJ_PROD_COMP_CONF3
INJURY_PRODUCING_COMPONENT_CONFIDENCE3_ALTERNATE,INJ_PROD_COMP_CONF1_ALT
INJURY_SEVERITY_SCORE,INJ_SEV_SCR
JACKKNIFE_COEFFICIENT,JKCOEFF
JACKKNIFE_COEFFICIENT,JCKKNFCOEFFICIENT
JACKNIFE_WEIGHT1,JCKKNFWGHT1
JACKNIFE_WEIGHT10,JCKKNFWGHT10
JACKNIFE_WEIGHT11,JCKKNFWGHT11
JACKNIFE_WEIGHT12,JCKKNFWGHT12
JACKNIFE_WEIGHT13,JCKKNFWGHT13
JACKNIFE_WEIGHT15,JCKKNFWGHT15
JACKNIFE_WEIGHT16,JCKKNFWGHT16
JACKNIFE_WEIGHT18,JCKKNFWGHT18
JACKNIFE_WEIGHT19,JCKKNFWGHT19
JACKNIFE_WEIGHT20,JCKKNFWGHT20
JACKNIFE_WEIGHT22,JCKKNFWGHT22
JACKNIFE_WEIGHT23,JCKKNFWGHT23
JACKNIFE_WEIGHT24,JCKKNFWGHT24
JACKNIFE_WEIGHT25,JCKKNFWGHT25
JACKNIFE_WEIGHT26,JCKKNFWGHT26
JACKNIFE_WEIGHT27,JCKKNFWGHT27
JACKNIFE_WEIGHT29,JCKKNFWGHT29
JACKNIFE_WEIGHT3,JCKKNFWGHT3
JACKNIFE_WEIGHT30,JCKKNFWGHT30
JACKNIFE_WEIGHT31,JCKKNFWGHT31
JACKNIFE_WEIGHT32,JCKKNFWGHT32
JACKNIFE_WEIGHT4,JCKKNFWGHT4
JACKNIFE_WEIGHT5,JCKKNFWGHT5
JACKNIFE_WEIGHT9,JCKKNFWGHT9
KeylessIgnition,KeylsIgntn
KeylessIgnitionId,KeylsIgntnId
LaneCenteringAssistanceID,LnCenteringAssistID
LaneDepartureWarning,LnDepartWarning
LaneKeepingAssistance,LnKeepingAssist
LaneKeepingAssistanceID,LnKeepingAssistID
LATCHANCHOR,LtcAnchor
LATCHDESIGN,LtchDesn
LATCHPLATE,LtchPlt
LATCHTETHER,LTCH_TETH
LATCHUSE,LTCH_USE
LEFTFRONT_1ST_STAGE_DEPLOYMENT,LF_1STSTAGE_DEPL
LEFTFRONT_2ND_STAGE_DEPLOYMENT,LF_2NDSTAGE_DEPL
LEFT_FRONT_BUMPER_CORNER,LF_BUMP_CORNR
LEFTFRONT_BELT,LFBELT
LEFTFRONT_BUCKLE_DEPLOYMENT_TIME,LF_BUCKLE_DEPLMN_TIME
LEFTFRONT_CURTAIN_DEPLOYMENT_TIME,LF_CURTN_DEPLMN_TIME
LEFTFRONT_OCCUPANT_POSITION,LF_OCCPN_POSN
LEFTFRONT_OCCUPANT_SIZE,LF_OCCPN_SZ
LEFTFRONT_PRETENSIONER_DEPLOYMENT_TIME,LF_PRETNSR_DEPLMN_TIME
LEFTFRONT_RETRACTORDEPTIME,LF_RETRACT_DEPLMN_TIME
LEFTFRONT_SIDEDEPLOYMENTTIME,LF_SIDE_DEPLMN_TIME
LEFTFRONT_SWITCH,LFSWITCH
LEFTFRONT_TRACKPOS,LFTRACKPOS
LIGHTING_CONDITION,LIGHTCOND
LINELEFT,Ln_Lft
LINERIGHT,LN_RT
LOADPATH_2ND,Ld_Path_2nd
LOADPATH_3RD,Ld_Path_3rd
LOADPATH1,Ld_Path1
LOADPATH1_ALT,LdPath1_Alt
LOADPATH2,Ld_Path2
LOADPATH2_ALT,Ld_Path2_Alt
LOADPATH3,LOAD_PATH_3
LOADPATH3_ALT,Ld_Path3_Alt
LOCALIZER,LCLZR
LOCKCLIPUSE,LK_CLP_USE
LEFT_REAR_BUMPER_CORNER,LR_BUMP_CORNR
LEFT_REAR_OVERHANG,LR_OVRHNG
MAXIMUM_ABBREVIATED_INJURY_SCALE,MAX_ABBR_INJ_SCL
Make,Mke
MakeId,MkeId
MANNER_OF_COLLISION,MANR_COLLISN
MANEUVER,Manvr
ManufacturerFullName,ManufFullNm
ManufacturerFullNameId,ManufFullNmId
MAX_DELTAV_LATERAL,MAXDVLAT
MAX_DELTAV_LATERAL_TIME,MAXDVLATTIME
MAX_DELTAV_LONGITUDINAL,MAXDVLONG
MAX_DELTAV_LONGITUDINAL_TIME,MAXDVLONGTIME
MAX_DELTAV_RESULTANT_TIME,MAXDVRESTIME
MAXWIDTH,MX_WDTH
MOBILITY,MOBLTY
Model,Modl
ModelId,ModlId
ModelYear,ModlYr
MODELYR,MODL_YR
MODULE_TYPE,MODTYPE
MORTALITY,MORTLTY
MotorcycleChassisType,MtrCycleChassTyp
MotorcycleSuspensionType,MtrcycleSuspntTyp
name,name
Note,Nte
CRASH_TO_NOTIFICATION_TIME,NOTIFIED
NUMBER_OF_EVENTS,NUMEVENTS
NUMBER_OF_EVENTS,NUMEVNTS
OVERALL_LENGTH,OVRL_LEN
OBESITY,OBSITY
OBJECT_CONTACTED,OBJCT_CONTCT
OCCUPANT,OCCPNT
OCCUPANT_CONTACT,OCCONTACT
DOOR_OPEN_LEFT_FRONT,OPENLF
DOOR_OPEN_LEFT_REAR,OPENLR
DOOR_OPEN_RIGHT_FRONT,OPENRF
DOOR_OPEN_RIGHT_REAR,OPENRR
TAILGATE_HATCH_OPEN,OPENTG
OSTEO_CONDITION,OSTEOCOND
OtherBatteryInfo,OthrBatInf
OtherBusInfo,OthrBusInf
OtherEngineInfo,OthrEngInf
OtherMotorcycleInfo,OthrMtrcycleInf
OtherRestraintSystemInfo,OthrRestrSysInf
OVERHANG_FRONT,OVERHANG_FRT
OVERHANG_REAR,OVERHANG_RR
OVERUNDER,OverUndr
POLICE_REPORTED_AIRBAG_AVAILABILITY,PARAIRBAG
PAR_REPORTED_ALCOHOL,PARALCOHOL
PAR_REPORTED_DRUG,PARDRUG
POLICE_REPORTED_INJURY_SEVERITY,PARINJSEV
ParkAssistId,PrkAsstId
PICKUP_BEDLENGTH,PKUP_BDLENGTH
POINT_TYPE,PNT_CODE
PRINCIPLE_DIRECTION_OF_FORCE,PRINC_DIR_FOR
PedestrianAutoEmergencyBraking,PedAutoAutoEmergBrake
PedestrianAutoEmergencyBrakingID,PedAutoEmergBrakeID
PERFORMANCE,PERFMNC
PLACEMENT,PLCMT
PlantCity,PlntCity
PlantCompanyName,PlntCmpnyName
PlantCountryId,PlntCntryID
POSTCRASH_INTEGRITY_LOSS,POSTINTEGLOSS
POSTURE,POSTR
PRE_FIRST_HARMFUL_EVENT,PRE_FHE
PRECRASH_FIRST_HARMFUL_EVENT,PRE_FRST_HRM_EVT
PREGNANT,PREGNT
PRECRASH_LOCATION,PRECRSH_LOCN
PREEVENT_MOVEMENT,PREMOVE
PRECRASH_STABILITY,PRESTABIL
PretensionerId,PretnsnrId
VEHICLE_IN_PREVIOUS_CRASH,PREVCRASH
principal_id,princl_id
PRIOR_MAINTENANCE,PRIORMAINT
PROFILE,PROFIL
PRIMARY_SAMPLING_UNIT,PRIM_SAMP_UNIT
PRIMARY_SAMPLING_UNIT_STRATIFICATION,PRIM_SAMP_UNIT_STRAT
RACE,RAC
RearAutomaticEmergencyBraking,RrAutoEmgBrake
REAR_BUMPER,REARBUMP
RearCrossTrafficAlert,RrCrssTrfAlert
RearCrossTrafficAlertID,RrCrossTrfAlertID
RECOMMENDED_FRONT1,RECMND_FRONT1
RECOMMENDED_FRONT2,RECMND_FRONT2
RECOMMENDED_FRONT3,RECMND_FRONT_3
RECOMMENDED_FRONT_PRESSURE1,RECMND_FRONT_PRESSR1
RECOMMENDED_FRONT_PRESSURE2,RECMND_FRONT_PRESSR2
RECOMMENDED_FRONT_PRESSURE3,RECMND_FRONT_PRESSR3
RECOMMENDED_REAR1,RECMND_REAR1
RECOMMENDED_REAR2,RECMND_REAR2
RECOMMENDED_REAR3,RECMND_REAR3
RECOMMENDED_REAR_PRESSURE3,RECMND_REAR_PRESSR3
BODY_REGION_CONTACTED_3RD,REGCONTACT_3RD
BODY_REGION_CONTACTED1,REGCONTACT1
BODY_REGION_CONTACTED1_ALTERNATE,REGCONTACT1_ALT
BODY_REGION_CONTACTED2_ALTERNATE,REGCONTACT2_ALT
BODY_REGION_CONTACTED3,REGCONTACT3
BODY_REGION_CONTACTED3_ALTERNATE,REGCONTACT3_ALT
REGION,REGN
REPLICATE,RPLICT
RETAINERCLIPUSE,RET_CLIP_USE
RIGHTFRONT_1ST_STAGE_DEPLOYMENT,RF_1STSTAGE_DEPL
RIGHTFRONT_2ND_STAGE_DEPLOYMENT,RF_2NDSTAGE_DEPL
RIGHT_FRONT_BUMPER_CORNER,RF_BUMP_CORNR
RIGHTFRONT_BUCKLE_DEPLOYMENT_TIME,RF_BUCKLE_DEPLMN_TIME
RIGHTFRONT_CURTAIN_DEPLOYMENT_TIME,RF_CURTN_DEPLMN_TIME
RIGHTFRONT_DISPOSAL,RFDISPOSAL
RIGHTFRONT_OCCUPANT_POSITION,RF_OCCPN_POSN
RIGHTFRONT_OCCUPANT_SIZE,RF_OCCPN_SZ
RIGHT_FRONT_OVERHANG,RF_OVRHNG
RIGHTFRONT_PRETENSIONER_DEPLOYMENT_TIME,RF_PRETNSR_DEPLMN_TIME
RIGHTFRONT_RETRACTDEPTIME,RF_RETRACT_DEPLMN_TIME
RIGHTFRONT_SIDEDEPTIME,RF_SIDE_DEPLMN_TIME
RIGHTFRONT_SWITCH,RFSWITCH
RIGHTFRONT_TRACKPOS,RFTRACKPOS
RIM_DEFORMATION_MEASUREMENT,RIM_DEFORM
RIM_DEFORMATION_LOCATION,RIM_DEFORM_LOCTN
ROLLOVER_DIRECTION,ROLLDIR
ROLLOVER_DISTANCE,ROLLDIST
ROLLOVER_INITIATION_TYPE,ROLLINITYP
ROLLOVER_INITIATION_LOCATION,ROLLINLOC
ROLLOVER_INTERUPTED,ROLLINTRPT
ROLLOVER_LATERAL,ROLLLAT
ROLLOVER_INITIATION_OBJECT,ROLLOBJ
ROLLPROTECTION,ROLL_PROT
ROLLOVER_TRIP_FORCE,ROLL_TRIP
ROLLOVER_QUARTER_TURNS,ROLLTURN
ROLLTYPE,ROLL_TYP
ROLLOVER_VERTICAL,ROLLVERT
FRONT_ROW_WIDTH,ROWIDTH1
SECOND_ROW_WIDTH,ROWIDTH2
THIRD_ROW_WIDTH,ROWIDTH3
FOURTH_ROW_WIDTH,ROWIDTH4
FIFTH_ROW_WIDTH,ROWIDTH5
RIGHT_REAR_BUMPER_CORNER,RR_BUMP_CORNR
RIGHT_REAR_OVERHANG,RR_OVRHNG
RUMBLE_STRIP_IN_LANE,RUMBINIT
StandardAutomotiveElectronicsAutomationLevel_from,SAEAutomationLevel_from
StandardAutomotiveElectronicsAutomationLevel_to,SAEAutomationLevel_to
CRASH_TO_EMS_ARRIVAL_AT_SCENE_TIME,SCENEARR
CRASH_TO_EMS_DEPART_SCENE_TIME,SCENEDEP
SEAT,ST
SeatBeltTypeId,StBltTypId
SEAT_LOCATION,SEATLOC
SEATROW,STROW
SeatRowsCount,SeatRowsCt
SeatsCount,SeatCt
SEATTYPE,STTYPE
SEATXBAG,STXBG
SEQUENCE,SEQNC
Series,Ser
SHOULDER_WIDTH,SHLDRWIDTH
SIDEDOOR,SD_DOOR
SIDEROOF,SIDERF
SILLHEIGHT,SLL_HT
SOURCE_OF_ENERGY,SRC_ENRGY
VEHICLE_SPECIAL_USE,SPECUSE
SPEEDLIMIT,SPD_LIM
SPINAL_DEGENERATION,SPINEDEGEN
SteeringLocation,Strng_loc
SteeringLocationId,Strng_loc_id
STEERING_TELESCOPING_ADJUSTMENT,STEERTELEADJ
STEERING_TILT_ADJUSTMENT,STEERTILTADJ
STRUCK_OBJECT_HEIGHT,STRKHEIGHT
STRUCK_OBJECT_LENGTH,STRKLENGTH
STRKWIDTH,STRKWIDTH
STRUCTURE_AIS_SPECIFIC,STRUCTR_AIS_SPECFC
SURFACE_TYPE,SURFTYPE
SUSPENSION_MODIFICATIONS,SUSPMODS
sysdiagrams,SysDiag
TETHERDESIGN,TETH_DSG
TETHERUSE,TETH_USE
TIRE,TR
TIREDAMAGE,TIRE_DAM
TIRE_LOCATION,TIRELOC
TIREPLACEMENT,TIREPLAC
TIRE_RESTRICTION,TIRERESTR
TIRESIZE,TIRESZ
TIRETREAD,TIRETRD
TopSpeedMilesPerHour,TopSpeedMPH
TOWED,TOWD
TOWHITCH,TOWHTCH
TirePressureMonitoringSystem,TirePressMonitSys
TirePressureMonitoringSystemId,TirePressMonitSysId
TRACK,TRK
TRACKWIDTH,TRK_WDTH
TrackWidthInches,TrackWidthIN
TractionControl,TrctCtrl
TractionControlId,TrctCtrlId
TRAFFICWAY_FLOW,TRAFFLOW
TRAJECTORY_DOCUMENTATION,TRAJDOC
TRANSMISSION,TRNSMSN
TransmissionStyle,TransStyl
TransmissionStyleId,TransStylId
TRANSPORT_STATUS,TRANSTAT
TREATMENT,TRTMT
TREE_OR_POLE_CONDITION,TREEPOLE
Trim,Trm
TruckBedLengthInches,TruckBedLengthIN
TruckBedType,TrckBdTyp
TruckBodyCabType,TrckBodCabTyp
TruckBodyCabTypeId,TrckBodCabTypId
UNDEFORMED_END_WIDTH,UNDFRM_END_WDTH
VEHICLE_ABBREVIATED_INJURY_SCALE,VEH_ABRV_INJ_SCL
VEHCLASS,VEHCLASS
VehicleDescriptor,VehDscriptn
VEHICLES,VHCLS
VehicleType,VehType
VehicleTypeId,VehTypeId
VEHICLE_MEASUREMENTS,VEHMEAS
VEHICLE_NUMBER,VEHNO
VEHICLE_NUMBER,VEHNUM
VEHICLE_SPECIFICATIONS,VEHSPEC
VERSION,VERS
VERTICALDOOR,VERTDOOR
VERTICALGLAZING,VERTGLAZ
VERTICALROOF,VERTROOF
VEHICLE_IDENTIFICATION_NUMBER,VEH_ID_NO
VehicleIdentificationNumberDecodedOn,VINDecodedOn
VehicleIdentificationNumberDecodeError,VINDecodeError
INJURED_OCCUPANTS_IN_VEHICLE,VINJURED
VEHICLE_INJURY_SEVERITY_SCALE,VEH_INJ_SEV_SCAL
VEHICLE_PRODUCT_INFORMATION_CATALOGUE_DECODE,VPICDECODE
VEHICLE_PRODUCT_INFORMATION_CATALOGUE_DECODE_MAKE,VPICMAKE
TREATMENT_IN_VEHICLE,VTREAT
WARNING_LAMP,WARNLAMP
WHEELBASE_RIGHT,WHLBS_RIGHT
WEATHER,WEATH
WEIGHT,WGT
WHEELBASE,WHLBASE
WheelBaseInches_from,WheelBaseIN_from
WheelBaseType,WheelBaseTyp
WheelsCount,WhlsCnt
WheelSizeFrontInches,WheelSizeFrontIN
WheelSizeRearInches,WheelSizeRearIN
Windows,Wndws
WORKDAYS,WRKDYS
ZIP,ZIP
~TMPCLP650861,~TMPCLP650861
Accuracy_Notes,Acc_Notes
Address,Addrs
Address_Type,Addrs_typ
Address2,Addrs2
Alternate_Name,AltName
Aspect_Variance,Aspect_Var
BirdsNorthAmerica_Account,BrdNrthAmer_Account
Canopy_Comp,Canp_Comp
Canopy_Cover,Canp_Cvr
Canopy_Height,Canp_ht
Ceritified_Data_Update,Certified_Data_Upd
Certified,Certifd
Certified_by,Certif_by
Certified_date,Certif_dt
City,Cty
Common_Name,Cmn_Nam
Contact_ID,Cont_ID
Contact_Notes,Cont_Notes
Contact_Role,Cont_Role
Coordinate_System,Coord_Syst
Coordinate_Unites,Coord_Units
Coordinate_Update,Coord_upd
Country,Cnty
Datum,Datm
DataBase_Meta_ID,DB_Meta_ID
definition,Defntn
Density_ID,Dens_ID
Detection,Detctn
Detection_ID,Det_ID
Distance,Distnc
Email_Address,Email_Addrs
End_Time,End_Tm
Entered_by,Enrtd_bdy
Enumeration_Code,Enum_Code
Enumeration_Description,Enum_Description
Enumeration_Group,Enum_Group
Estimated_Horizontal_Error,Est_Horiz_Error
Event_Details_ID,Evnt_Det_ID
Event_ID,Evnt_ID
Event_Notes,Evnt_Notes
Family,Fam
Geographic_Datum,Geo_Datum
Habitat,Hbts
Habitat_Date,Habitat_dt
Habitat_ID,Habt_ID
In_protocol,In_protocol
Island,Ilnd
Last_Name,L_Name
Latatitude_Direction,Lat_Dir
Latitude_final,Lat_final
Longitude_Dir,Long_Dir
Longitude_final,Long_final
Middle_Init,M_Init
name,nam
Noted_Canopy_Species_Common,Noted_Canopy_Spp_Common
Observation_Code,Obs_Code
Observation_ID,Obsrvn_ID
One_half_meter,One_hlf_mtr
One_meter,One_mtr
Organization,Orgnztn
Origin,Orign
Point10,Pnt10
Point2,Pnt2
Point3,Pnt3
Point4,Pnt4
Point7,Pnt7
Point9,Pnt9
Paved,Pavd
Plot_ID,Plt_ID
Pool,Pool
Position_Title,Posn_Title
Previous_Latitude,Previous_Lat
Previous_Longitude,Previous_Long
Quality_Assurance_Notes,Qual_Assur_Notes
Rain,Rn
Repeat_Sample,Rep_Sample
Scientific_Name,Sci_Name
Site_Description,Site_Desc
Site_ID,Sit_ID
Site_Name,Sit_Nam
Site_Notes,Sit_Not
Slope,Slp
Sort_Order,Srt_Ord
Source,Srce
Species_Code,Species_Cd
Species_ID,Specs_ID
Start_Date,Strt_dt
Start_Time,Strt_tm
Status,Stat
Stream,Strm
ThreatendedEndangered_Status,Thrtn_Endng_Status
tbl_Density,tbl_Dens
Detections,tbl_Detections
Event_Details,tbl_Event_Details
Events,tbl_Events
Habitats,tbl_Habitat
Locations,tbl_Locations
Observations,tbl_Observations
Plot,tbl_Plot
Sites,tbl_Sites
Stations_Updates,tbl_Stations_Updates
Stations_Location_UTMs,tbl_Stations_UTMs
Transects,tbl_Transect
Enumerations_Lookup,tlu_Enumerations
Species_Lookup,tlu_Species
Topographic_Position,Topo_Position
Transect_ID,Transect_ID
Transect_Type,Trnsct_typ
Two_meter,Two_mtr
Understory_Comp,Undrstry_Cmp
Unit_Code,Unit_Cd
Unpaved,Unpvd
Update_By,Updt_By
Update_Comments,Updt_cmts
Update_Description,Updt_Descr
Update_ID,Update_ID
Update_Notes,Updt_Notes
Updated_date,Updtd_dt
Updated_notes,Updtd_Nt
Universal_Transverse_Mercator_Zone,UTM_Zone
Verified_by,Verfd_by
version,vers
Wind,Wnd
Work_Extension,Wrk_Extn
Work_Phone,Work_Phn
coordinate_X_final,X_final
coordinate_X_original,X_orig
Event_Contacts_Crossreference,xref_Event_Contacts
coordinate_Y_final,Y_final
coordinate_Y_original,Y_orig
Zip_Code,Zip_Code
